id,firstname,lastname,email
100,Dode,Cordi,Dode.Cordi@yopmail.com
101,Odessa,Tippets,Odessa.Tippets@yopmail.com
102,Jsandye,Liebermann,Jsandye.Liebermann@yopmail.com
103,Madalyn,Buttaro,Madalyn.Buttaro@yopmail.com
104,Dianemarie,Gamaliel,Dianemarie.Gamaliel@yopmail.com
105,Carolina,Fry,Carolina.Fry@yopmail.com
106,Arlena,Zenas,Arlena.Zenas@yopmail.com
107,Xylina,Heidt,Xylina.Heidt@yopmail.com
108,Kayla,Kamaria,Kayla.Kamaria@yopmail.com
109,Blake,Bronk,Blake.Bronk@yopmail.com
110,Bobbi,Marijo,Bobbi.Marijo@yopmail.com
111,Marleah,Sholley,Marleah.Sholley@yopmail.com
112,Lonnie,Lattie,Lonnie.Lattie@yopmail.com
113,Margalo,Suzetta,Margalo.Suzetta@yopmail.com
114,Correy,Gilbertson,Correy.Gilbertson@yopmail.com
115,Queenie,Adalbert,Queenie.Adalbert@yopmail.com
116,Genovera,Revkah,Genovera.Revkah@yopmail.com
117,Selma,Alfons,Selma.Alfons@yopmail.com
118,Pierette,Fosque,Pierette.Fosque@yopmail.com
119,Cyb,Bibi,Cyb.Bibi@yopmail.com
120,Raina,Lane,Raina.Lane@yopmail.com
121,Zia,O'Neill,Zia.O'Neill@yopmail.com
122,Deirdre,Palocz,Deirdre.Palocz@yopmail.com
123,Rivalee,Kolnick,Rivalee.Kolnick@yopmail.com
124,Clo,Burnside,Clo.Burnside@yopmail.com
125,Vivia,Cynar,Vivia.Cynar@yopmail.com
126,Stacey,Alarise,Stacey.Alarise@yopmail.com
127,Shirlee,Hachmin,Shirlee.Hachmin@yopmail.com
128,Claudina,Malvino,Claudina.Malvino@yopmail.com
129,Lindie,Krystle,Lindie.Krystle@yopmail.com
130,Suzette,Pillsbury,Suzette.Pillsbury@yopmail.com
131,Valera,Ailyn,Valera.Ailyn@yopmail.com
132,Laurene,Rossner,Laurene.Rossner@yopmail.com
133,Tersina,Jorgan,Tersina.Jorgan@yopmail.com
134,Joeann,Nahum,Joeann.Nahum@yopmail.com
135,Kassey,Schroth,Kassey.Schroth@yopmail.com
136,Ethel,Willie,Ethel.Willie@yopmail.com
137,Agathe,Vivle,Agathe.Vivle@yopmail.com
138,Janeczka,Francene,Janeczka.Francene@yopmail.com
139,Harmonia,Heisel,Harmonia.Heisel@yopmail.com
140,Cissiee,Dorcy,Cissiee.Dorcy@yopmail.com
141,Candi,Martguerita,Candi.Martguerita@yopmail.com
142,Phylis,Kunin,Phylis.Kunin@yopmail.com
143,Dede,Koehler,Dede.Koehler@yopmail.com
144,Hettie,Muriel,Hettie.Muriel@yopmail.com
145,Sharlene,Teddman,Sharlene.Teddman@yopmail.com
146,Renae,Glenden,Renae.Glenden@yopmail.com
147,Mamie,Sparhawk,Mamie.Sparhawk@yopmail.com
148,Lorne,Brotherson,Lorne.Brotherson@yopmail.com
149,Melanie,Brady,Melanie.Brady@yopmail.com
150,Elie,Waite,Elie.Waite@yopmail.com
151,Tilly,Palocz,Tilly.Palocz@yopmail.com
152,Joy,Marlie,Joy.Marlie@yopmail.com
153,Tori,An,Tori.An@yopmail.com
154,Letizia,Iiette,Letizia.Iiette@yopmail.com
155,Selma,Elsinore,Selma.Elsinore@yopmail.com
156,Netty,Cath,Netty.Cath@yopmail.com
157,Annora,Lia,Annora.Lia@yopmail.com
158,Netty,Kat,Netty.Kat@yopmail.com
159,Verla,Hunfredo,Verla.Hunfredo@yopmail.com
160,Celene,Pacorro,Celene.Pacorro@yopmail.com
161,Taffy,Eckblad,Taffy.Eckblad@yopmail.com
162,Raina,Leary,Raina.Leary@yopmail.com
163,Marcelline,Ulphia,Marcelline.Ulphia@yopmail.com
164,Stacey,Martsen,Stacey.Martsen@yopmail.com
165,Dominga,Dreda,Dominga.Dreda@yopmail.com
166,Oona,Bettine,Oona.Bettine@yopmail.com
167,Danny,Hourigan,Danny.Hourigan@yopmail.com
168,Georgina,Sparhawk,Georgina.Sparhawk@yopmail.com
169,Ronna,Bryna,Ronna.Bryna@yopmail.com
170,Maryellen,Schroth,Maryellen.Schroth@yopmail.com
171,Vanessa,Kosey,Vanessa.Kosey@yopmail.com
172,Candy,Konyn,Candy.Konyn@yopmail.com
173,Larine,Winthorpe,Larine.Winthorpe@yopmail.com
174,Kristan,Hoban,Kristan.Hoban@yopmail.com
175,Suzette,Lia,Suzette.Lia@yopmail.com
176,Lusa,Linehan,Lusa.Linehan@yopmail.com
177,Leanna,Dermott,Leanna.Dermott@yopmail.com
178,Sibella,Thema,Sibella.Thema@yopmail.com
179,Diena,Emmy,Diena.Emmy@yopmail.com
180,Maye,Desai,Maye.Desai@yopmail.com
181,Helsa,Mendez,Helsa.Mendez@yopmail.com
182,Kaja,Leopold,Kaja.Leopold@yopmail.com
183,Kylynn,Arathorn,Kylynn.Arathorn@yopmail.com
184,Aubrie,Gamaliel,Aubrie.Gamaliel@yopmail.com
185,Olivette,Dash,Olivette.Dash@yopmail.com
186,Cordi,Elbertina,Cordi.Elbertina@yopmail.com
187,Gabriellia,Orelee,Gabriellia.Orelee@yopmail.com
188,Mariele,Sparhawk,Mariele.Sparhawk@yopmail.com
189,Micheline,Diogenes,Micheline.Diogenes@yopmail.com
190,Sheree,Bearnard,Sheree.Bearnard@yopmail.com
191,Kate,Miru,Kate.Miru@yopmail.com
192,Tobe,Myrilla,Tobe.Myrilla@yopmail.com
193,Kathi,Chauncey,Kathi.Chauncey@yopmail.com
194,Romona,Valerio,Romona.Valerio@yopmail.com
195,Nickie,Maples,Nickie.Maples@yopmail.com
196,Konstance,Baudin,Konstance.Baudin@yopmail.com
197,Ida,Girardo,Ida.Girardo@yopmail.com
198,Ginnie,Lay,Ginnie.Lay@yopmail.com
199,Annecorinne,Agle,Annecorinne.Agle@yopmail.com
200,Meriel,Goddard,Meriel.Goddard@yopmail.com
201,Tierney,Camden,Tierney.Camden@yopmail.com
202,Roslyn,Pyle,Roslyn.Pyle@yopmail.com
203,Vere,Francene,Vere.Francene@yopmail.com
204,Cristine,Winnick,Cristine.Winnick@yopmail.com
205,Jennica,Randene,Jennica.Randene@yopmail.com
206,Dolli,Middleton,Dolli.Middleton@yopmail.com
207,Dania,Aida,Dania.Aida@yopmail.com
208,Paola,Saint,Paola.Saint@yopmail.com
209,Heddie,Zuzana,Heddie.Zuzana@yopmail.com
210,Rosanne,Buckler,Rosanne.Buckler@yopmail.com
211,Hannis,Socha,Hannis.Socha@yopmail.com
212,Nelle,Taam,Nelle.Taam@yopmail.com
213,Ronna,Rese,Ronna.Rese@yopmail.com
214,Melanie,Geffner,Melanie.Geffner@yopmail.com
215,Talya,Havens,Talya.Havens@yopmail.com
216,Hayley,Love,Hayley.Love@yopmail.com
217,Jobi,Longfellow,Jobi.Longfellow@yopmail.com
218,Clo,Cullin,Clo.Cullin@yopmail.com
219,Danny,Rhu,Danny.Rhu@yopmail.com
220,Letizia,Hutchison,Letizia.Hutchison@yopmail.com
221,Alejandra,Anestassia,Alejandra.Anestassia@yopmail.com
222,Adele,Chinua,Adele.Chinua@yopmail.com
223,Jsandye,Alfons,Jsandye.Alfons@yopmail.com
224,Demetris,Sacken,Demetris.Sacken@yopmail.com
225,Oona,Ahab,Oona.Ahab@yopmail.com
226,Gratia,Gombach,Gratia.Gombach@yopmail.com
227,Raf,Fitzsimmons,Raf.Fitzsimmons@yopmail.com
228,Trixi,Carlson,Trixi.Carlson@yopmail.com
229,Chloris,Baptlsta,Chloris.Baptlsta@yopmail.com
230,Max,Cohdwell,Max.Cohdwell@yopmail.com
231,Starla,Ax,Starla.Ax@yopmail.com
232,Sandie,Hewitt,Sandie.Hewitt@yopmail.com
233,Nelle,Schenck,Nelle.Schenck@yopmail.com
234,Aubrie,Leifeste,Aubrie.Leifeste@yopmail.com
235,Minne,Carmena,Minne.Carmena@yopmail.com
236,Mathilda,Lacombe,Mathilda.Lacombe@yopmail.com
237,Paule,Torray,Paule.Torray@yopmail.com
238,Briney,Xerxes,Briney.Xerxes@yopmail.com
239,Ekaterina,Alexandr,Ekaterina.Alexandr@yopmail.com
240,Corina,Lilybelle,Corina.Lilybelle@yopmail.com
241,Vita,Clara,Vita.Clara@yopmail.com
242,Dagmar,Schwejda,Dagmar.Schwejda@yopmail.com
243,Blondelle,Tremayne,Blondelle.Tremayne@yopmail.com
244,Catharine,Verger,Catharine.Verger@yopmail.com
245,Janey,Breed,Janey.Breed@yopmail.com
246,Almeta,Fry,Almeta.Fry@yopmail.com
247,Selma,Stephie,Selma.Stephie@yopmail.com
248,Lynnea,Trey,Lynnea.Trey@yopmail.com
249,Sonni,Swigart,Sonni.Swigart@yopmail.com
250,Dawn,Chem,Dawn.Chem@yopmail.com
251,Briney,Edvard,Briney.Edvard@yopmail.com
252,Beverley,Phi,Beverley.Phi@yopmail.com
253,Bernie,Bennie,Bernie.Bennie@yopmail.com
254,Jeanna,Ader,Jeanna.Ader@yopmail.com
255,Jaime,Christine,Jaime.Christine@yopmail.com
256,Aubrie,Telfer,Aubrie.Telfer@yopmail.com
257,Iseabal,Rona,Iseabal.Rona@yopmail.com
258,Ronna,Susannah,Ronna.Susannah@yopmail.com
259,Estell,Shelba,Estell.Shelba@yopmail.com
260,Annecorinne,Belanger,Annecorinne.Belanger@yopmail.com
261,Georgetta,Michella,Georgetta.Michella@yopmail.com
262,Morganica,Lorain,Morganica.Lorain@yopmail.com
263,Louella,Lalitta,Louella.Lalitta@yopmail.com
264,Elie,Gilbertson,Elie.Gilbertson@yopmail.com
265,Christian,Ledah,Christian.Ledah@yopmail.com
266,Gilligan,Sabella,Gilligan.Sabella@yopmail.com
267,Hettie,Cimbura,Hettie.Cimbura@yopmail.com
268,Lucille,Alisia,Lucille.Alisia@yopmail.com
269,Antonietta,Rooney,Antonietta.Rooney@yopmail.com
270,Kerrin,Natalia,Kerrin.Natalia@yopmail.com
271,Cassondra,Marden,Cassondra.Marden@yopmail.com
272,Nariko,Roscoe,Nariko.Roscoe@yopmail.com
273,Chandra,Amadas,Chandra.Amadas@yopmail.com
274,Mureil,Fitzsimmons,Mureil.Fitzsimmons@yopmail.com
275,Norine,Stilwell,Norine.Stilwell@yopmail.com
276,Kalina,Horan,Kalina.Horan@yopmail.com
277,Lauryn,Argus,Lauryn.Argus@yopmail.com
278,Amara,Delacourt,Amara.Delacourt@yopmail.com
279,Gabi,Kermit,Gabi.Kermit@yopmail.com
280,Leontine,Milde,Leontine.Milde@yopmail.com
281,Sam,Geffner,Sam.Geffner@yopmail.com
282,Kayla,Creamer,Kayla.Creamer@yopmail.com
283,Angela,Jotham,Angela.Jotham@yopmail.com
284,Ardys,Rocray,Ardys.Rocray@yopmail.com
285,Beth,Bahr,Beth.Bahr@yopmail.com
286,Natka,Cullin,Natka.Cullin@yopmail.com
287,Tracey,Thomasina,Tracey.Thomasina@yopmail.com
288,Regina,Yam,Regina.Yam@yopmail.com
289,Corene,Stefa,Corene.Stefa@yopmail.com
290,Marita,Haymes,Marita.Haymes@yopmail.com
291,Gloria,Charmine,Gloria.Charmine@yopmail.com
292,Sissy,Quent,Sissy.Quent@yopmail.com
293,Nerta,Destinee,Nerta.Destinee@yopmail.com
294,Livvyy,Erminia,Livvyy.Erminia@yopmail.com
295,Kellen,Denis,Kellen.Denis@yopmail.com
296,Berta,Earlie,Berta.Earlie@yopmail.com
297,Addia,Mathilde,Addia.Mathilde@yopmail.com
298,Ardys,Bibi,Ardys.Bibi@yopmail.com
299,Augustine,Sperling,Augustine.Sperling@yopmail.com
300,Codie,Boehike,Codie.Boehike@yopmail.com
301,Dotty,Orpah,Dotty.Orpah@yopmail.com
302,Andree,Brunell,Andree.Brunell@yopmail.com
303,Perry,Fabiola,Perry.Fabiola@yopmail.com
304,Marjie,Chobot,Marjie.Chobot@yopmail.com
305,Jennica,Sperling,Jennica.Sperling@yopmail.com
306,Anestassia,Rooney,Anestassia.Rooney@yopmail.com
307,Anica,Ailyn,Anica.Ailyn@yopmail.com
308,Dacia,Cullin,Dacia.Cullin@yopmail.com
309,Katharina,Kylander,Katharina.Kylander@yopmail.com
310,Neila,Bevin,Neila.Bevin@yopmail.com
311,Letizia,Louanna,Letizia.Louanna@yopmail.com
312,Natka,Salvidor,Natka.Salvidor@yopmail.com
313,Rhea,Estella,Rhea.Estella@yopmail.com
314,Marnia,Newell,Marnia.Newell@yopmail.com
315,Chloris,Wenda,Chloris.Wenda@yopmail.com
316,Florencia,Halsey,Florencia.Halsey@yopmail.com
317,Stephanie,Nore,Stephanie.Nore@yopmail.com
318,Kara-Lynn,Bultman,Kara-Lynn.Bultman@yopmail.com
319,Bill,Burkle,Bill.Burkle@yopmail.com
320,Reeba,Shuler,Reeba.Shuler@yopmail.com
321,Darlleen,Thad,Darlleen.Thad@yopmail.com
322,Quintina,McLaughlin,Quintina.McLaughlin@yopmail.com
323,Lisette,Magnolia,Lisette.Magnolia@yopmail.com
324,Meriel,Marlie,Meriel.Marlie@yopmail.com
325,Amelia,Honoria,Amelia.Honoria@yopmail.com
326,Maryellen,Korey,Maryellen.Korey@yopmail.com
327,Lita,Gladstone,Lita.Gladstone@yopmail.com
328,Kimberley,Rese,Kimberley.Rese@yopmail.com
329,Mignon,Obed,Mignon.Obed@yopmail.com
330,Cordi,Woodberry,Cordi.Woodberry@yopmail.com
331,Aimil,Abram,Aimil.Abram@yopmail.com
332,Rivalee,Jarib,Rivalee.Jarib@yopmail.com
333,Vita,Jethro,Vita.Jethro@yopmail.com
334,Frieda,Baylor,Frieda.Baylor@yopmail.com
335,Ardenia,Diann,Ardenia.Diann@yopmail.com
336,Tatiania,Niccolo,Tatiania.Niccolo@yopmail.com
337,Linzy,Matthew,Linzy.Matthew@yopmail.com
338,Delilah,Hortensia,Delilah.Hortensia@yopmail.com
339,Ernesta,Lipson,Ernesta.Lipson@yopmail.com
340,Nerta,Havens,Nerta.Havens@yopmail.com
341,Marita,Dielu,Marita.Dielu@yopmail.com
342,Agnese,Odysseus,Agnese.Odysseus@yopmail.com
343,Allyce,Francyne,Allyce.Francyne@yopmail.com
344,Sybille,Carbo,Sybille.Carbo@yopmail.com
345,Lila,Loleta,Lila.Loleta@yopmail.com
346,Aaren,Salvidor,Aaren.Salvidor@yopmail.com
347,Monika,Kravits,Monika.Kravits@yopmail.com
348,Tressa,Audly,Tressa.Audly@yopmail.com
349,Sonni,Montgomery,Sonni.Montgomery@yopmail.com
350,Tamqrah,Holtz,Tamqrah.Holtz@yopmail.com
351,Asia,Lory,Asia.Lory@yopmail.com
352,Fina,Ailyn,Fina.Ailyn@yopmail.com
353,Konstance,Vary,Konstance.Vary@yopmail.com
354,Britte,Leffen,Britte.Leffen@yopmail.com
355,Daune,Madaih,Daune.Madaih@yopmail.com
356,Pearline,Madaih,Pearline.Madaih@yopmail.com
357,Edith,Pond,Edith.Pond@yopmail.com
358,Cherrita,Stelle,Cherrita.Stelle@yopmail.com
359,Isa,Lutero,Isa.Lutero@yopmail.com
360,Hollie,Uund,Hollie.Uund@yopmail.com
361,Pollyanna,Salvidor,Pollyanna.Salvidor@yopmail.com
362,Nanete,Chaing,Nanete.Chaing@yopmail.com
363,Lindie,Eckblad,Lindie.Eckblad@yopmail.com
364,Almeta,Iaverne,Almeta.Iaverne@yopmail.com
365,Gertrud,Grosz,Gertrud.Grosz@yopmail.com
366,Jessamyn,Jobi,Jessamyn.Jobi@yopmail.com
367,Alleen,Buttaro,Alleen.Buttaro@yopmail.com
368,Wanda,Esmaria,Wanda.Esmaria@yopmail.com
369,Oralee,Hoenack,Oralee.Hoenack@yopmail.com
370,Addia,Iiette,Addia.Iiette@yopmail.com
371,Cathyleen,Montgomery,Cathyleen.Montgomery@yopmail.com
372,Starla,Kaja,Starla.Kaja@yopmail.com
373,Christian,Rodmann,Christian.Rodmann@yopmail.com
374,Nonnah,Wesle,Nonnah.Wesle@yopmail.com
375,Ebonee,Serilda,Ebonee.Serilda@yopmail.com
376,Anthia,O'Carroll,Anthia.O'Carroll@yopmail.com
377,Randa,Jeanne,Randa.Jeanne@yopmail.com
378,Thalia,Swigart,Thalia.Swigart@yopmail.com
379,Randa,Terencio,Randa.Terencio@yopmail.com
380,Estell,Arne,Estell.Arne@yopmail.com
381,Magdalena,Goldina,Magdalena.Goldina@yopmail.com
382,Dorothy,Daniele,Dorothy.Daniele@yopmail.com
383,Tani,Hachmin,Tani.Hachmin@yopmail.com
384,Gwyneth,Maurine,Gwyneth.Maurine@yopmail.com
385,Shaylyn,Baylor,Shaylyn.Baylor@yopmail.com
386,Fidelia,Florina,Fidelia.Florina@yopmail.com
387,Zia,Thomasina,Zia.Thomasina@yopmail.com
388,Arlena,Elo,Arlena.Elo@yopmail.com
389,Tarra,Loring,Tarra.Loring@yopmail.com
390,Dari,Edison,Dari.Edison@yopmail.com
391,Tressa,Kaja,Tressa.Kaja@yopmail.com
392,Cissiee,Barney,Cissiee.Barney@yopmail.com
393,Jerry,Ovid,Jerry.Ovid@yopmail.com
394,Stephanie,Raseda,Stephanie.Raseda@yopmail.com
395,Nickie,Geffner,Nickie.Geffner@yopmail.com
396,Molli,Erskine,Molli.Erskine@yopmail.com
397,Nanete,Jethro,Nanete.Jethro@yopmail.com
398,Fawne,Lamoree,Fawne.Lamoree@yopmail.com
399,Agnese,Trinetta,Agnese.Trinetta@yopmail.com
400,Melanie,Wandie,Melanie.Wandie@yopmail.com
401,Kylynn,Odell,Kylynn.Odell@yopmail.com
402,Kerrin,Azeria,Kerrin.Azeria@yopmail.com
403,Aigneis,Alcott,Aigneis.Alcott@yopmail.com
404,Molli,Constancy,Molli.Constancy@yopmail.com
405,Ilse,Bearnard,Ilse.Bearnard@yopmail.com
406,Dione,Nore,Dione.Nore@yopmail.com
407,Gerianna,Autrey,Gerianna.Autrey@yopmail.com
408,Eolanda,Raseda,Eolanda.Raseda@yopmail.com
409,Mathilda,Braun,Mathilda.Braun@yopmail.com
410,Celisse,Revkah,Celisse.Revkah@yopmail.com
411,Christal,Vastah,Christal.Vastah@yopmail.com
412,Elie,Monk,Elie.Monk@yopmail.com
413,Helsa,Even,Helsa.Even@yopmail.com
414,Perry,Behre,Perry.Behre@yopmail.com
415,Lanae,Borrell,Lanae.Borrell@yopmail.com
416,Belva,Nester,Belva.Nester@yopmail.com
417,Tonia,Dom,Tonia.Dom@yopmail.com
418,Devina,Shaver,Devina.Shaver@yopmail.com
419,Beth,Allare,Beth.Allare@yopmail.com
420,Georgina,Geffner,Georgina.Geffner@yopmail.com
421,Kerrin,Judye,Kerrin.Judye@yopmail.com
422,Shaine,Simmonds,Shaine.Simmonds@yopmail.com
423,Barbi,Shields,Barbi.Shields@yopmail.com
424,Basia,Skurnik,Basia.Skurnik@yopmail.com
425,Kate,Daniele,Kate.Daniele@yopmail.com
426,Lizzie,Gaynor,Lizzie.Gaynor@yopmail.com
427,Mahalia,Ries,Mahalia.Ries@yopmail.com
428,Jobi,Agle,Jobi.Agle@yopmail.com
429,Linzy,Kendrick,Linzy.Kendrick@yopmail.com
430,Alameda,Lanita,Alameda.Lanita@yopmail.com
431,Glenda,Libna,Glenda.Libna@yopmail.com
432,Millie,Glovsky,Millie.Glovsky@yopmail.com
433,Lulita,Aloise,Lulita.Aloise@yopmail.com
434,Trixi,Sholley,Trixi.Sholley@yopmail.com
435,Susan,Roarke,Susan.Roarke@yopmail.com
436,Millie,Gilmour,Millie.Gilmour@yopmail.com
437,Ilse,Alarise,Ilse.Alarise@yopmail.com
438,Oona,Blisse,Oona.Blisse@yopmail.com
439,Xylina,Phaidra,Xylina.Phaidra@yopmail.com
440,Babita,Gamaliel,Babita.Gamaliel@yopmail.com
441,Babita,Edmund,Babita.Edmund@yopmail.com
442,Augustine,Sidonius,Augustine.Sidonius@yopmail.com
443,Hope,Sammons,Hope.Sammons@yopmail.com
444,Kimberley,Liva,Kimberley.Liva@yopmail.com
445,Kaia,Goode,Kaia.Goode@yopmail.com
446,Teriann,Catie,Teriann.Catie@yopmail.com
447,Almeta,Mike,Almeta.Mike@yopmail.com
448,Dennie,Danby,Dennie.Danby@yopmail.com
449,Aryn,Tiffa,Aryn.Tiffa@yopmail.com
450,Lorie,Buckler,Lorie.Buckler@yopmail.com
451,Ayn,Lunsford,Ayn.Lunsford@yopmail.com
452,Iseabal,Salchunas,Iseabal.Salchunas@yopmail.com
453,Xylina,Susannah,Xylina.Susannah@yopmail.com
454,Cecile,Solitta,Cecile.Solitta@yopmail.com
455,Charlena,Zenas,Charlena.Zenas@yopmail.com
456,Rosabelle,Cynar,Rosabelle.Cynar@yopmail.com
457,Emilia,Ethban,Emilia.Ethban@yopmail.com
458,Ethel,Ilka,Ethel.Ilka@yopmail.com
459,Tori,Vivle,Tori.Vivle@yopmail.com
460,Karina,Chapland,Karina.Chapland@yopmail.com
461,Sabina,Janith,Sabina.Janith@yopmail.com
462,Glenda,Ephrem,Glenda.Ephrem@yopmail.com
463,Lyssa,Carri,Lyssa.Carri@yopmail.com
464,Monika,Westphal,Monika.Westphal@yopmail.com
465,Larine,Fennessy,Larine.Fennessy@yopmail.com
466,Viki,McClimans,Viki.McClimans@yopmail.com
467,Ulrike,Sholley,Ulrike.Sholley@yopmail.com
468,Jessamyn,Ferrell,Jessamyn.Ferrell@yopmail.com
469,Melanie,Helfand,Melanie.Helfand@yopmail.com
470,Stevana,Merna,Stevana.Merna@yopmail.com
471,Amara,Screens,Amara.Screens@yopmail.com
472,Asia,Desai,Asia.Desai@yopmail.com
473,Gisela,Haldas,Gisela.Haldas@yopmail.com
474,Nerta,Bearnard,Nerta.Bearnard@yopmail.com
475,Bibby,Himelman,Bibby.Himelman@yopmail.com
476,Minne,Noman,Minne.Noman@yopmail.com
477,Kial,Cadmar,Kial.Cadmar@yopmail.com
478,Gloria,Allare,Gloria.Allare@yopmail.com
479,Kirstin,Bakerman,Kirstin.Bakerman@yopmail.com
480,Marinna,Anselmi,Marinna.Anselmi@yopmail.com
481,Myriam,Mozelle,Myriam.Mozelle@yopmail.com
482,Rochette,Sibyls,Rochette.Sibyls@yopmail.com
483,Benita,Boycey,Benita.Boycey@yopmail.com
484,Odessa,Lane,Odessa.Lane@yopmail.com
485,Clementine,Marden,Clementine.Marden@yopmail.com
486,Minda,Haymes,Minda.Haymes@yopmail.com
487,Brietta,Chinua,Brietta.Chinua@yopmail.com
488,Xylina,Morrill,Xylina.Morrill@yopmail.com
489,Modestia,Center,Modestia.Center@yopmail.com
490,Starla,Delacourt,Starla.Delacourt@yopmail.com
491,Lorenza,Reidar,Lorenza.Reidar@yopmail.com
492,Romona,Ariella,Romona.Ariella@yopmail.com
493,Deloria,Woodberry,Deloria.Woodberry@yopmail.com
494,Marjie,Leifeste,Marjie.Leifeste@yopmail.com
495,Collen,Schonfeld,Collen.Schonfeld@yopmail.com
496,Grier,Berard,Grier.Berard@yopmail.com
497,Elora,Rugen,Elora.Rugen@yopmail.com
498,Madalyn,Tarrant,Madalyn.Tarrant@yopmail.com
499,Gianina,Minetta,Gianina.Minetta@yopmail.com
500,Vanessa,Fulmer,Vanessa.Fulmer@yopmail.com
501,Tatiania,Leary,Tatiania.Leary@yopmail.com
502,Evita,Moina,Evita.Moina@yopmail.com
503,Maud,Gaynor,Maud.Gaynor@yopmail.com
504,Lexine,Allare,Lexine.Allare@yopmail.com
505,Alyda,Joachim,Alyda.Joachim@yopmail.com
506,Felice,Weinreb,Felice.Weinreb@yopmail.com
507,Celestyna,Kendrick,Celestyna.Kendrick@yopmail.com
508,Margette,Saree,Margette.Saree@yopmail.com
509,Margalo,Forrer,Margalo.Forrer@yopmail.com
510,Camile,Erich,Camile.Erich@yopmail.com
511,Shel,Salchunas,Shel.Salchunas@yopmail.com
512,Viki,Ricarda,Viki.Ricarda@yopmail.com
513,Codie,Hathaway,Codie.Hathaway@yopmail.com
514,Carmencita,Vharat,Carmencita.Vharat@yopmail.com
515,Aili,Capello,Aili.Capello@yopmail.com
516,Clarice,Gower,Clarice.Gower@yopmail.com
517,Marita,Gaynor,Marita.Gaynor@yopmail.com
518,Edith,Trey,Edith.Trey@yopmail.com
519,Joy,Liva,Joy.Liva@yopmail.com
520,Christian,Jorgan,Christian.Jorgan@yopmail.com
521,Emylee,Wind,Emylee.Wind@yopmail.com
522,Jere,Sallyann,Jere.Sallyann@yopmail.com
523,Rhea,Therine,Rhea.Therine@yopmail.com
524,Cathie,Gibbeon,Cathie.Gibbeon@yopmail.com
525,Maurene,Ezar,Maurene.Ezar@yopmail.com
526,Andree,Baudin,Andree.Baudin@yopmail.com
527,Joleen,Poll,Joleen.Poll@yopmail.com
528,Susan,Bari,Susan.Bari@yopmail.com
529,Britte,Hylan,Britte.Hylan@yopmail.com
530,Tiffie,Ehrman,Tiffie.Ehrman@yopmail.com
531,Tarra,Konyn,Tarra.Konyn@yopmail.com
532,Claresta,Isidore,Claresta.Isidore@yopmail.com
533,Corly,Nadia,Corly.Nadia@yopmail.com
534,Trudie,Center,Trudie.Center@yopmail.com
535,Ermengarde,Blisse,Ermengarde.Blisse@yopmail.com
536,Emma,Liva,Emma.Liva@yopmail.com
537,Heddie,Bebe,Heddie.Bebe@yopmail.com
538,Tonia,Torray,Tonia.Torray@yopmail.com
539,Malina,Ackerley,Malina.Ackerley@yopmail.com
540,Cissiee,Helve,Cissiee.Helve@yopmail.com
541,Shaylyn,Gillan,Shaylyn.Gillan@yopmail.com
542,Lanna,Karylin,Lanna.Karylin@yopmail.com
543,Letizia,Posner,Letizia.Posner@yopmail.com
544,Fanny,Douglass,Fanny.Douglass@yopmail.com
545,Cissiee,Shaddock,Cissiee.Shaddock@yopmail.com
546,Madalyn,Thilda,Madalyn.Thilda@yopmail.com
547,Deirdre,Tamsky,Deirdre.Tamsky@yopmail.com
548,Wileen,Firmin,Wileen.Firmin@yopmail.com
549,Sadie,Kellby,Sadie.Kellby@yopmail.com
550,Teddie,Rurik,Teddie.Rurik@yopmail.com
551,Jaime,Vharat,Jaime.Vharat@yopmail.com
552,Concettina,Colleen,Concettina.Colleen@yopmail.com
553,Tami,Phaidra,Tami.Phaidra@yopmail.com
554,Vita,Cristi,Vita.Cristi@yopmail.com
555,Laure,Holbrook,Laure.Holbrook@yopmail.com
556,Ardys,Fillbert,Ardys.Fillbert@yopmail.com
557,Ursulina,Himelman,Ursulina.Himelman@yopmail.com
558,Beverley,Belldas,Beverley.Belldas@yopmail.com
559,Lanna,Suanne,Lanna.Suanne@yopmail.com
560,Cissiee,Heidt,Cissiee.Heidt@yopmail.com
561,Rozele,Kellby,Rozele.Kellby@yopmail.com
562,Christal,Linehan,Christal.Linehan@yopmail.com
563,Tobe,Holbrook,Tobe.Holbrook@yopmail.com
564,Alleen,Francyne,Alleen.Francyne@yopmail.com
565,Aigneis,Bigner,Aigneis.Bigner@yopmail.com
566,Jacenta,Bury,Jacenta.Bury@yopmail.com
567,Tonia,Rubie,Tonia.Rubie@yopmail.com
568,Sibella,Jenness,Sibella.Jenness@yopmail.com
569,Dorothy,Martsen,Dorothy.Martsen@yopmail.com
570,Jacquetta,Kravits,Jacquetta.Kravits@yopmail.com
571,Kelly,My,Kelly.My@yopmail.com
572,Melodie,Cloris,Melodie.Cloris@yopmail.com
573,Alie,Whiffen,Alie.Whiffen@yopmail.com
574,Therine,Dituri,Therine.Dituri@yopmail.com
575,Lynea,Burch,Lynea.Burch@yopmail.com
576,Daune,Leler,Daune.Leler@yopmail.com
577,Marguerite,Egbert,Marguerite.Egbert@yopmail.com
578,Kirstin,Leffen,Kirstin.Leffen@yopmail.com
579,Genovera,Markman,Genovera.Markman@yopmail.com
580,Jobi,Mitzi,Jobi.Mitzi@yopmail.com
581,Bill,Parette,Bill.Parette@yopmail.com
582,Wilma,Terencio,Wilma.Terencio@yopmail.com
583,Valera,Chinua,Valera.Chinua@yopmail.com
584,Gianina,Melan,Gianina.Melan@yopmail.com
585,Damaris,Edison,Damaris.Edison@yopmail.com
586,Codie,Anderea,Codie.Anderea@yopmail.com
587,Celestyna,Pernick,Celestyna.Pernick@yopmail.com
588,Corene,Tamar,Corene.Tamar@yopmail.com
589,Lorie,Amasa,Lorie.Amasa@yopmail.com
590,Elka,Ardra,Elka.Ardra@yopmail.com
591,Corina,Melleta,Corina.Melleta@yopmail.com
592,Ninnetta,LaRue,Ninnetta.LaRue@yopmail.com
593,Rozele,Bryna,Rozele.Bryna@yopmail.com
594,Gavrielle,Astra,Gavrielle.Astra@yopmail.com
595,Kimberley,Gualtiero,Kimberley.Gualtiero@yopmail.com
596,Madalyn,Vernier,Madalyn.Vernier@yopmail.com
597,Madalyn,Rooney,Madalyn.Rooney@yopmail.com
598,Lizzie,Zuzana,Lizzie.Zuzana@yopmail.com
599,Atlanta,Fink,Atlanta.Fink@yopmail.com
600,Caritta,Joachim,Caritta.Joachim@yopmail.com
601,Correy,Durware,Correy.Durware@yopmail.com
602,Belinda,Kermit,Belinda.Kermit@yopmail.com
603,Meg,Gavrila,Meg.Gavrila@yopmail.com
604,Aimil,Montgomery,Aimil.Montgomery@yopmail.com
605,Frieda,Croix,Frieda.Croix@yopmail.com
606,Rhea,O'Carroll,Rhea.O'Carroll@yopmail.com
607,Larine,Calhoun,Larine.Calhoun@yopmail.com
608,Jorry,Vittoria,Jorry.Vittoria@yopmail.com
609,Berget,Bohlin,Berget.Bohlin@yopmail.com
610,Kimberley,Shaver,Kimberley.Shaver@yopmail.com
611,Miquela,Chandler,Miquela.Chandler@yopmail.com
612,Olwen,Bertold,Olwen.Bertold@yopmail.com
613,Daune,Lasley,Daune.Lasley@yopmail.com
614,Clo,Ogren,Clo.Ogren@yopmail.com
615,Jordan,Egbert,Jordan.Egbert@yopmail.com
616,Jobi,Seagraves,Jobi.Seagraves@yopmail.com
617,Marleah,Clara,Marleah.Clara@yopmail.com
618,Hettie,Arquit,Hettie.Arquit@yopmail.com
619,Benita,Abbot,Benita.Abbot@yopmail.com
620,Alleen,Isacco,Alleen.Isacco@yopmail.com
621,Marti,Tillford,Marti.Tillford@yopmail.com
622,Farrah,Bonilla,Farrah.Bonilla@yopmail.com
623,Sam,Darian,Sam.Darian@yopmail.com
624,Ardenia,Dash,Ardenia.Dash@yopmail.com
625,Leia,Celestine,Leia.Celestine@yopmail.com
626,Caressa,Noman,Caressa.Noman@yopmail.com
627,Myrtice,Dorine,Myrtice.Dorine@yopmail.com
628,Helena,Palocz,Helena.Palocz@yopmail.com
629,Marti,Selway,Marti.Selway@yopmail.com
630,Rori,Tarrant,Rori.Tarrant@yopmail.com
631,Dione,Sundin,Dione.Sundin@yopmail.com
632,Lyssa,Carleen,Lyssa.Carleen@yopmail.com
633,Willetta,Madaih,Willetta.Madaih@yopmail.com
634,Kate,Dreda,Kate.Dreda@yopmail.com
635,Beatriz,August,Beatriz.August@yopmail.com
636,Aaren,Terrence,Aaren.Terrence@yopmail.com
637,Fidelia,Cherianne,Fidelia.Cherianne@yopmail.com
638,Melodie,Honoria,Melodie.Honoria@yopmail.com
639,Melodie,Bouchard,Melodie.Bouchard@yopmail.com
640,Mady,Monk,Mady.Monk@yopmail.com
641,Goldie,Penelopa,Goldie.Penelopa@yopmail.com
642,Lynde,Pauly,Lynde.Pauly@yopmail.com
643,Melisent,Belanger,Melisent.Belanger@yopmail.com
644,Dagmar,Roche,Dagmar.Roche@yopmail.com
645,Cathyleen,Gregrory,Cathyleen.Gregrory@yopmail.com
646,Theodora,Nance,Theodora.Nance@yopmail.com
647,Aryn,Ambrosia,Aryn.Ambrosia@yopmail.com
648,Lolita,Holtz,Lolita.Holtz@yopmail.com
649,Vanessa,Carleen,Vanessa.Carleen@yopmail.com
650,Heddie,Bach,Heddie.Bach@yopmail.com
651,Hildegaard,Merna,Hildegaard.Merna@yopmail.com
652,Ethel,Maiah,Ethel.Maiah@yopmail.com
653,Cyb,Toni,Cyb.Toni@yopmail.com
654,Elka,Lory,Elka.Lory@yopmail.com
655,Catharine,Georas,Catharine.Georas@yopmail.com
656,Gaylene,Krystle,Gaylene.Krystle@yopmail.com
657,Trudie,Sperling,Trudie.Sperling@yopmail.com
658,Sophia,Marsden,Sophia.Marsden@yopmail.com
659,Barbi,Delila,Barbi.Delila@yopmail.com
660,Starla,Randene,Starla.Randene@yopmail.com
661,Fina,Bigner,Fina.Bigner@yopmail.com
662,Gwyneth,Ariella,Gwyneth.Ariella@yopmail.com
663,Annecorinne,MacIntosh,Annecorinne.MacIntosh@yopmail.com
664,Vinita,Tippets,Vinita.Tippets@yopmail.com
665,Althea,Marisa,Althea.Marisa@yopmail.com
666,Reeba,Trinetta,Reeba.Trinetta@yopmail.com
667,Sallie,Zola,Sallie.Zola@yopmail.com
668,Daune,Graig,Daune.Graig@yopmail.com
669,Lizzie,Stephie,Lizzie.Stephie@yopmail.com
670,Lonnie,Winnick,Lonnie.Winnick@yopmail.com
671,Tamqrah,Corabella,Tamqrah.Corabella@yopmail.com
672,Sadie,Yusuk,Sadie.Yusuk@yopmail.com
673,Jaclyn,Wildermuth,Jaclyn.Wildermuth@yopmail.com
674,Lisette,Friede,Lisette.Friede@yopmail.com
675,Bee,Pierette,Bee.Pierette@yopmail.com
676,Melina,Baudin,Melina.Baudin@yopmail.com
677,Judy,Bendick,Judy.Bendick@yopmail.com
678,Cathie,Stav,Cathie.Stav@yopmail.com
679,Ivett,Socha,Ivett.Socha@yopmail.com
680,Nonnah,Capello,Nonnah.Capello@yopmail.com
681,Margette,Haerr,Margette.Haerr@yopmail.com
682,Jorry,Lasley,Jorry.Lasley@yopmail.com
683,Gertrud,Codding,Gertrud.Codding@yopmail.com
684,Ardys,Lunsford,Ardys.Lunsford@yopmail.com
685,Minne,Honoria,Minne.Honoria@yopmail.com
686,Ashlee,Screens,Ashlee.Screens@yopmail.com
687,Augustine,Bronk,Augustine.Bronk@yopmail.com
688,Renae,Agle,Renae.Agle@yopmail.com
689,Selma,Jeanne,Selma.Jeanne@yopmail.com
690,Ardenia,Earlie,Ardenia.Earlie@yopmail.com
691,Carmencita,McClimans,Carmencita.McClimans@yopmail.com
692,Lorie,Rustice,Lorie.Rustice@yopmail.com
693,Merry,Verger,Merry.Verger@yopmail.com
694,Mady,Maurine,Mady.Maurine@yopmail.com
695,Dominga,Narton,Dominga.Narton@yopmail.com
696,Georgetta,Anderea,Georgetta.Anderea@yopmail.com
697,Arabel,Longfellow,Arabel.Longfellow@yopmail.com
698,Edee,Dahlia,Edee.Dahlia@yopmail.com
699,Mureil,Bari,Mureil.Bari@yopmail.com
700,Hope,Forrer,Hope.Forrer@yopmail.com
701,Robbi,Ochs,Robbi.Ochs@yopmail.com
702,Hannis,Schwejda,Hannis.Schwejda@yopmail.com
703,Amalie,Colp,Amalie.Colp@yopmail.com
704,Gilligan,Lemuela,Gilligan.Lemuela@yopmail.com
705,Damaris,Latini,Damaris.Latini@yopmail.com
706,Nessie,Arquit,Nessie.Arquit@yopmail.com
707,Morganica,Robertson,Morganica.Robertson@yopmail.com
708,Joy,Penelopa,Joy.Penelopa@yopmail.com
709,Devina,Hessler,Devina.Hessler@yopmail.com
710,Stacey,Hamil,Stacey.Hamil@yopmail.com
711,Tiffie,Fink,Tiffie.Fink@yopmail.com
712,Theodora,Lumbard,Theodora.Lumbard@yopmail.com
713,Brandise,Tyson,Brandise.Tyson@yopmail.com
714,Ingrid,Autrey,Ingrid.Autrey@yopmail.com
715,Penelopa,Fairweather,Penelopa.Fairweather@yopmail.com
716,Meg,Jena,Meg.Jena@yopmail.com
717,Brana,Kalinda,Brana.Kalinda@yopmail.com
718,Merrie,Shuler,Merrie.Shuler@yopmail.com
719,Dorene,Reinke,Dorene.Reinke@yopmail.com
720,Alejandra,Boehike,Alejandra.Boehike@yopmail.com
721,Patricia,Yorick,Patricia.Yorick@yopmail.com
722,Jacenta,Burnside,Jacenta.Burnside@yopmail.com
723,Rubie,Jillane,Rubie.Jillane@yopmail.com
724,Lorie,Kesley,Lorie.Kesley@yopmail.com
725,Gerianna,Faso,Gerianna.Faso@yopmail.com
726,Jolyn,Cleavland,Jolyn.Cleavland@yopmail.com
727,Cristine,Darbie,Cristine.Darbie@yopmail.com
728,Henriette,Chauncey,Henriette.Chauncey@yopmail.com
729,Chere,Parette,Chere.Parette@yopmail.com
730,Emilia,Natica,Emilia.Natica@yopmail.com
731,Rebeca,Cath,Rebeca.Cath@yopmail.com
732,Johna,Bates,Johna.Bates@yopmail.com
733,Tina,Muriel,Tina.Muriel@yopmail.com
734,Gilligan,Berne,Gilligan.Berne@yopmail.com
735,Orsola,Brackely,Orsola.Brackely@yopmail.com
736,Adele,Uird,Adele.Uird@yopmail.com
737,Allis,Kesley,Allis.Kesley@yopmail.com
738,Cissiee,Yoko,Cissiee.Yoko@yopmail.com
739,Lorne,Halsey,Lorne.Halsey@yopmail.com
740,Binny,Mozelle,Binny.Mozelle@yopmail.com
741,Hayley,Clarissa,Hayley.Clarissa@yopmail.com
742,Nerta,Posner,Nerta.Posner@yopmail.com
743,Lynea,Rosette,Lynea.Rosette@yopmail.com
744,Sabina,Klotz,Sabina.Klotz@yopmail.com
745,Sheree,Pauly,Sheree.Pauly@yopmail.com
746,Heida,Bord,Heida.Bord@yopmail.com
747,Marleah,Malina,Marleah.Malina@yopmail.com
748,Misha,Virgin,Misha.Virgin@yopmail.com
749,Addia,Adlare,Addia.Adlare@yopmail.com
750,Dulcinea,Center,Dulcinea.Center@yopmail.com
751,Vita,Joeann,Vita.Joeann@yopmail.com
752,Evaleen,Land,Evaleen.Land@yopmail.com
753,Laure,Mauer,Laure.Mauer@yopmail.com
754,Sharlene,Melony,Sharlene.Melony@yopmail.com
755,Lita,Margret,Lita.Margret@yopmail.com
756,Jeanna,Colyer,Jeanna.Colyer@yopmail.com
757,Demetris,Hertzfeld,Demetris.Hertzfeld@yopmail.com
758,Noelle,Killigrew,Noelle.Killigrew@yopmail.com
759,Gui,Aldric,Gui.Aldric@yopmail.com
760,Odessa,Gaspard,Odessa.Gaspard@yopmail.com
761,Marita,Pillsbury,Marita.Pillsbury@yopmail.com
762,Jemie,Taam,Jemie.Taam@yopmail.com
763,Althea,Clie,Althea.Clie@yopmail.com
764,Dyann,Buckler,Dyann.Buckler@yopmail.com
765,Lulita,Paine,Lulita.Paine@yopmail.com
766,Deloria,Dearborn,Deloria.Dearborn@yopmail.com
767,Meghann,Hertzfeld,Meghann.Hertzfeld@yopmail.com
768,Alejandra,Ardeha,Alejandra.Ardeha@yopmail.com
769,Margarette,Tacye,Margarette.Tacye@yopmail.com
770,Kassey,Hurley,Kassey.Hurley@yopmail.com
771,Elmira,Lindemann,Elmira.Lindemann@yopmail.com
772,Janey,Sawtelle,Janey.Sawtelle@yopmail.com
773,Fina,Seumas,Fina.Seumas@yopmail.com
774,Lelah,Katrine,Lelah.Katrine@yopmail.com
775,Krystle,Bates,Krystle.Bates@yopmail.com
776,Lonnie,Eldrid,Lonnie.Eldrid@yopmail.com
777,Neila,Pearse,Neila.Pearse@yopmail.com
778,Sindee,Friede,Sindee.Friede@yopmail.com
779,Tina,Knowling,Tina.Knowling@yopmail.com
780,Sherrie,Gamaliel,Sherrie.Gamaliel@yopmail.com
781,Alie,Rudolph,Alie.Rudolph@yopmail.com
782,Latisha,Genna,Latisha.Genna@yopmail.com
783,Constance,Weitman,Constance.Weitman@yopmail.com
784,Janenna,Borrell,Janenna.Borrell@yopmail.com
785,Arlena,Bryna,Arlena.Bryna@yopmail.com
786,Marjie,Chaing,Marjie.Chaing@yopmail.com
787,Theodora,Wenda,Theodora.Wenda@yopmail.com
788,Janey,Kylander,Janey.Kylander@yopmail.com
789,Loree,Diann,Loree.Diann@yopmail.com
790,Adele,Berard,Adele.Berard@yopmail.com
791,Trudie,Anyah,Trudie.Anyah@yopmail.com
792,Jacenta,Bennie,Jacenta.Bennie@yopmail.com
793,Cathyleen,Claudine,Cathyleen.Claudine@yopmail.com
794,Marylou,My,Marylou.My@yopmail.com
795,Jillayne,Pillsbury,Jillayne.Pillsbury@yopmail.com
796,Alex,Cavan,Alex.Cavan@yopmail.com
797,Latisha,Vastah,Latisha.Vastah@yopmail.com
798,Yolane,Lilas,Yolane.Lilas@yopmail.com
799,Doralynne,Alrich,Doralynne.Alrich@yopmail.com
800,Pearline,Calhoun,Pearline.Calhoun@yopmail.com
801,Lesly,Gamaliel,Lesly.Gamaliel@yopmail.com
802,Stephanie,Klemperer,Stephanie.Klemperer@yopmail.com
803,Jinny,Sandye,Jinny.Sandye@yopmail.com
804,Kalina,Bethany,Kalina.Bethany@yopmail.com
805,Marsiella,Allare,Marsiella.Allare@yopmail.com
806,Alyda,Munn,Alyda.Munn@yopmail.com
807,Shell,Terencio,Shell.Terencio@yopmail.com
808,Alisha,Rugen,Alisha.Rugen@yopmail.com
809,Alleen,Flita,Alleen.Flita@yopmail.com
810,Jaclyn,Carbo,Jaclyn.Carbo@yopmail.com
811,Jerry,Felecia,Jerry.Felecia@yopmail.com
812,Jan,Truc,Jan.Truc@yopmail.com
813,Roberta,Magdalen,Roberta.Magdalen@yopmail.com
814,Vere,Neils,Vere.Neils@yopmail.com
815,Gale,Wenoa,Gale.Wenoa@yopmail.com
816,Dari,Gwenore,Dari.Gwenore@yopmail.com
817,Mary,Scammon,Mary.Scammon@yopmail.com
818,Eugine,Ashely,Eugine.Ashely@yopmail.com
819,Lindie,Merriott,Lindie.Merriott@yopmail.com
820,Rosene,Edee,Rosene.Edee@yopmail.com
821,Verla,Medrek,Verla.Medrek@yopmail.com
822,Gale,Ortrude,Gale.Ortrude@yopmail.com
823,Linet,Schenck,Linet.Schenck@yopmail.com
824,Regina,Gregrory,Regina.Gregrory@yopmail.com
825,Cristine,Vilma,Cristine.Vilma@yopmail.com
826,Paulita,Riva,Paulita.Riva@yopmail.com
827,Dianemarie,Agle,Dianemarie.Agle@yopmail.com
828,Joane,Lamoree,Joane.Lamoree@yopmail.com
829,Mallory,Orelee,Mallory.Orelee@yopmail.com
830,Lulita,Audly,Lulita.Audly@yopmail.com
831,Tarra,Santoro,Tarra.Santoro@yopmail.com
832,Cyb,Abram,Cyb.Abram@yopmail.com
833,Layla,Brunell,Layla.Brunell@yopmail.com
834,Barbara,Gerge,Barbara.Gerge@yopmail.com
835,Chere,Seumas,Chere.Seumas@yopmail.com
836,Vivia,Morgun,Vivia.Morgun@yopmail.com
837,Ursulina,Joeann,Ursulina.Joeann@yopmail.com
838,Eve,Standing,Eve.Standing@yopmail.com
839,Nicoli,Alva,Nicoli.Alva@yopmail.com
840,Madelle,Kylander,Madelle.Kylander@yopmail.com
841,Amii,Persse,Amii.Persse@yopmail.com
842,Allyce,Keelia,Allyce.Keelia@yopmail.com
843,Tressa,Cadmar,Tressa.Cadmar@yopmail.com
844,Kimmy,Ricarda,Kimmy.Ricarda@yopmail.com
845,Jany,Lindemann,Jany.Lindemann@yopmail.com
846,Ira,Autrey,Ira.Autrey@yopmail.com
847,Rosanne,Pascia,Rosanne.Pascia@yopmail.com
848,Hollie,Bakerman,Hollie.Bakerman@yopmail.com
849,Kate,Rosette,Kate.Rosette@yopmail.com
850,Shauna,Sekofski,Shauna.Sekofski@yopmail.com
851,Alameda,Natica,Alameda.Natica@yopmail.com
852,Tani,Evvie,Tani.Evvie@yopmail.com
853,Marcelline,Persse,Marcelline.Persse@yopmail.com
854,Nannie,Hashim,Nannie.Hashim@yopmail.com
855,Sissy,Kesley,Sissy.Kesley@yopmail.com
856,Sashenka,Francyne,Sashenka.Francyne@yopmail.com
857,Chickie,Kenney,Chickie.Kenney@yopmail.com
858,Ernesta,Leary,Ernesta.Leary@yopmail.com
859,Heddie,Gherardo,Heddie.Gherardo@yopmail.com
860,Alia,Dichy,Alia.Dichy@yopmail.com
861,Tonia,Ax,Tonia.Ax@yopmail.com
862,Lenna,Izaak,Lenna.Izaak@yopmail.com
863,Shannah,Torray,Shannah.Torray@yopmail.com
864,Di,Cassius,Di.Cassius@yopmail.com
865,Fred,Silvan,Fred.Silvan@yopmail.com
866,Mignon,Chandler,Mignon.Chandler@yopmail.com
867,Jsandye,Jena,Jsandye.Jena@yopmail.com
868,Aaren,Celestine,Aaren.Celestine@yopmail.com
869,Celestyna,Bertold,Celestyna.Bertold@yopmail.com
870,Tina,Mitzi,Tina.Mitzi@yopmail.com
871,Katuscha,Aldric,Katuscha.Aldric@yopmail.com
872,Elora,Pacorro,Elora.Pacorro@yopmail.com
873,Damaris,Payson,Damaris.Payson@yopmail.com
874,Dorice,Sharl,Dorice.Sharl@yopmail.com
875,Ira,Bergman,Ira.Bergman@yopmail.com
876,Kassey,Smitt,Kassey.Smitt@yopmail.com
877,Hettie,Toor,Hettie.Toor@yopmail.com
878,Gloria,Elephus,Gloria.Elephus@yopmail.com
879,Maud,Pierette,Maud.Pierette@yopmail.com
880,Gratia,Parette,Gratia.Parette@yopmail.com
881,Mahalia,Ellord,Mahalia.Ellord@yopmail.com
882,Wanda,Cohdwell,Wanda.Cohdwell@yopmail.com
883,Leia,Markman,Leia.Markman@yopmail.com
884,Rori,Wittie,Rori.Wittie@yopmail.com
885,Paulita,Ehrman,Paulita.Ehrman@yopmail.com
886,Chrystel,Ciro,Chrystel.Ciro@yopmail.com
887,Doro,Dunkin,Doro.Dunkin@yopmail.com
888,Ira,Minetta,Ira.Minetta@yopmail.com
889,Stephanie,Solitta,Stephanie.Solitta@yopmail.com
890,Harmonia,Odysseus,Harmonia.Odysseus@yopmail.com
891,Marita,Leary,Marita.Leary@yopmail.com
892,Wilma,Ruvolo,Wilma.Ruvolo@yopmail.com
893,Binny,Hortensia,Binny.Hortensia@yopmail.com
894,Genevra,Bultman,Genevra.Bultman@yopmail.com
895,Courtnay,McCutcheon,Courtnay.McCutcheon@yopmail.com
896,Veda,Arquit,Veda.Arquit@yopmail.com
897,Ebonee,Janene,Ebonee.Janene@yopmail.com
898,Coral,Wilona,Coral.Wilona@yopmail.com
899,Quintina,Stephie,Quintina.Stephie@yopmail.com
900,Fred,Douglass,Fred.Douglass@yopmail.com
901,Lynnea,Erskine,Lynnea.Erskine@yopmail.com
902,Kayla,Harned,Kayla.Harned@yopmail.com
903,Rosanne,Christal,Rosanne.Christal@yopmail.com
904,Renie,Stanwood,Renie.Stanwood@yopmail.com
905,Theodora,Korey,Theodora.Korey@yopmail.com
906,Hollie,Tacye,Hollie.Tacye@yopmail.com
907,Krystle,Carbo,Krystle.Carbo@yopmail.com
908,Molli,Eckblad,Molli.Eckblad@yopmail.com
909,Bertine,Clarissa,Bertine.Clarissa@yopmail.com
910,Hope,Izaak,Hope.Izaak@yopmail.com
911,Laurene,Dorine,Laurene.Dorine@yopmail.com
912,Wilma,Ashok,Wilma.Ashok@yopmail.com
913,Ulrike,Zetta,Ulrike.Zetta@yopmail.com
914,Winny,Karl,Winny.Karl@yopmail.com
915,Oona,Bethany,Oona.Bethany@yopmail.com
916,Shirlee,Lacombe,Shirlee.Lacombe@yopmail.com
917,Anthia,Mintz,Anthia.Mintz@yopmail.com
918,Kimberley,Lutero,Kimberley.Lutero@yopmail.com
919,Codie,Atonsah,Codie.Atonsah@yopmail.com
920,Felice,Berard,Felice.Berard@yopmail.com
921,Teddie,Gilbertson,Teddie.Gilbertson@yopmail.com
922,Beth,Guildroy,Beth.Guildroy@yopmail.com
923,Amalie,Ambrosia,Amalie.Ambrosia@yopmail.com
924,Janey,Ursulette,Janey.Ursulette@yopmail.com
925,Vonny,Hunfredo,Vonny.Hunfredo@yopmail.com
926,Lorie,Fontana,Lorie.Fontana@yopmail.com
927,Mariann,Ball,Mariann.Ball@yopmail.com
928,Willetta,Schlosser,Willetta.Schlosser@yopmail.com
929,Korrie,Hachmin,Korrie.Hachmin@yopmail.com
930,Arabel,Wattenberg,Arabel.Wattenberg@yopmail.com
931,Ezmeralda,Kazimir,Ezmeralda.Kazimir@yopmail.com
932,Elmira,Desai,Elmira.Desai@yopmail.com
933,Nanete,Edee,Nanete.Edee@yopmail.com
934,Kirstin,Schalles,Kirstin.Schalles@yopmail.com
935,Daphne,Rad,Daphne.Rad@yopmail.com
936,Leanna,Melan,Leanna.Melan@yopmail.com
937,Correy,Rogerio,Correy.Rogerio@yopmail.com
938,Tera,Magnolia,Tera.Magnolia@yopmail.com
939,Regina,Haldas,Regina.Haldas@yopmail.com
940,Anica,Hollingsworth,Anica.Hollingsworth@yopmail.com
941,Netty,Azeria,Netty.Azeria@yopmail.com
942,Michaelina,Ball,Michaelina.Ball@yopmail.com
943,Celene,Maurine,Celene.Maurine@yopmail.com
944,Nyssa,Dash,Nyssa.Dash@yopmail.com
945,Madalyn,Stover,Madalyn.Stover@yopmail.com
946,Hallie,Erb,Hallie.Erb@yopmail.com
947,Paule,Jethro,Paule.Jethro@yopmail.com
948,Karina,Rurik,Karina.Rurik@yopmail.com
949,Therine,Sammons,Therine.Sammons@yopmail.com
950,Nonnah,Audly,Nonnah.Audly@yopmail.com
951,Ira,Syd,Ira.Syd@yopmail.com
952,Lorenza,Teddman,Lorenza.Teddman@yopmail.com
953,Karly,Uird,Karly.Uird@yopmail.com
954,Korrie,Clywd,Korrie.Clywd@yopmail.com
955,Harrietta,Sheng,Harrietta.Sheng@yopmail.com
956,Gabi,Elo,Gabi.Elo@yopmail.com
957,Lorie,Elo,Lorie.Elo@yopmail.com
958,Lila,Cohdwell,Lila.Cohdwell@yopmail.com
959,Frances,Earlie,Frances.Earlie@yopmail.com
960,Larine,Oscar,Larine.Oscar@yopmail.com
961,Meg,Carvey,Meg.Carvey@yopmail.com
962,Joeann,Larochelle,Joeann.Larochelle@yopmail.com
963,Veda,Isacco,Veda.Isacco@yopmail.com
964,Danny,Tayib,Danny.Tayib@yopmail.com
965,Jinny,Kenwood,Jinny.Kenwood@yopmail.com
966,Tatiania,Obed,Tatiania.Obed@yopmail.com
967,Gabriellia,Cosenza,Gabriellia.Cosenza@yopmail.com
968,Ana,Dosia,Ana.Dosia@yopmail.com
969,Ethel,Salchunas,Ethel.Salchunas@yopmail.com
970,Marline,Bari,Marline.Bari@yopmail.com
971,Halette,Adamsen,Halette.Adamsen@yopmail.com
972,Carree,Jaylene,Carree.Jaylene@yopmail.com
973,Anthia,Sheedy,Anthia.Sheedy@yopmail.com
974,Etta,Mata,Etta.Mata@yopmail.com
975,Vita,Konyn,Vita.Konyn@yopmail.com
976,Zaria,Skell,Zaria.Skell@yopmail.com
977,Noelle,Margret,Noelle.Margret@yopmail.com
978,Audrie,Bergman,Audrie.Bergman@yopmail.com
979,Odessa,Harriman,Odessa.Harriman@yopmail.com
980,Emelina,Cottle,Emelina.Cottle@yopmail.com
981,Elena,Swigart,Elena.Swigart@yopmail.com
982,Alia,Fillbert,Alia.Fillbert@yopmail.com
983,Tina,Vary,Tina.Vary@yopmail.com
984,Marline,Estella,Marline.Estella@yopmail.com
985,Leona,Munn,Leona.Munn@yopmail.com
986,Celestyna,Yusuk,Celestyna.Yusuk@yopmail.com
987,Betta,Prober,Betta.Prober@yopmail.com
988,Danny,Hertzfeld,Danny.Hertzfeld@yopmail.com
989,Fawne,Kamaria,Fawne.Kamaria@yopmail.com
990,Peri,Jaylene,Peri.Jaylene@yopmail.com
991,Mamie,Norrie,Mamie.Norrie@yopmail.com
992,Arlena,Uird,Arlena.Uird@yopmail.com
993,Claudina,Socha,Claudina.Socha@yopmail.com
994,Cristine,Fleeta,Cristine.Fleeta@yopmail.com
995,Pearline,Kirbee,Pearline.Kirbee@yopmail.com
996,Sabina,Karylin,Sabina.Karylin@yopmail.com
997,Willetta,Mozelle,Willetta.Mozelle@yopmail.com
998,Cecile,Harday,Cecile.Harday@yopmail.com
999,Anestassia,Bluh,Anestassia.Bluh@yopmail.com
1000,Gui,Diogenes,Gui.Diogenes@yopmail.com
1001,Annora,Darbie,Annora.Darbie@yopmail.com
1002,Carmencita,Bord,Carmencita.Bord@yopmail.com
1003,Lory,Johanna,Lory.Johanna@yopmail.com
1004,Lanae,Briney,Lanae.Briney@yopmail.com
1005,Myrtice,Ardra,Myrtice.Ardra@yopmail.com
1006,Olwen,O'Carroll,Olwen.O'Carroll@yopmail.com
1007,Orelia,Mullane,Orelia.Mullane@yopmail.com
1008,Leeanne,Jena,Leeanne.Jena@yopmail.com
1009,Karena,Wooster,Karena.Wooster@yopmail.com
1010,Marcelline,Hutchison,Marcelline.Hutchison@yopmail.com
1011,Nerta,Eachern,Nerta.Eachern@yopmail.com
1012,Tiffie,Fadiman,Tiffie.Fadiman@yopmail.com
1013,Tiffie,Dosia,Tiffie.Dosia@yopmail.com
1014,Kary,Greyson,Kary.Greyson@yopmail.com
1015,Ginnie,Bryna,Ginnie.Bryna@yopmail.com
1016,Ezmeralda,Land,Ezmeralda.Land@yopmail.com
1017,Aaren,Madox,Aaren.Madox@yopmail.com
1018,Kayla,Heisel,Kayla.Heisel@yopmail.com
1019,Yvonne,Robertson,Yvonne.Robertson@yopmail.com
1020,Valeda,Hailee,Valeda.Hailee@yopmail.com
1021,Marti,Rurik,Marti.Rurik@yopmail.com
1022,Janey,Charity,Janey.Charity@yopmail.com
1023,Perry,Beebe,Perry.Beebe@yopmail.com
1024,Malina,Fry,Malina.Fry@yopmail.com
1025,Leia,Hieronymus,Leia.Hieronymus@yopmail.com
1026,Heddie,Naor,Heddie.Naor@yopmail.com
1027,Misha,Rheingold,Misha.Rheingold@yopmail.com
1028,Adelle,Schonfeld,Adelle.Schonfeld@yopmail.com
1029,Ana,Wolfgram,Ana.Wolfgram@yopmail.com
1030,Caryl,Lindemann,Caryl.Lindemann@yopmail.com
1031,Renie,Trace,Renie.Trace@yopmail.com
1032,Grier,Ellerey,Grier.Ellerey@yopmail.com
1033,Candi,Gualtiero,Candi.Gualtiero@yopmail.com
1034,Adele,Cath,Adele.Cath@yopmail.com
1035,Corly,Morehouse,Corly.Morehouse@yopmail.com
1036,Belva,Rossner,Belva.Rossner@yopmail.com
1037,Carree,Keelia,Carree.Keelia@yopmail.com
1038,Nannie,Concha,Nannie.Concha@yopmail.com
1039,Liana,Slifka,Liana.Slifka@yopmail.com
1040,Meriel,Mintz,Meriel.Mintz@yopmail.com
1041,Gratia,Kelula,Gratia.Kelula@yopmail.com
1042,Oralee,Pierette,Oralee.Pierette@yopmail.com
1043,Chloris,Raffo,Chloris.Raffo@yopmail.com
1044,Jenilee,Shirberg,Jenilee.Shirberg@yopmail.com
1045,Libbie,Colleen,Libbie.Colleen@yopmail.com
1046,Wilma,Selway,Wilma.Selway@yopmail.com
1047,Donnie,Fry,Donnie.Fry@yopmail.com
1048,Regina,Autrey,Regina.Autrey@yopmail.com
1049,Edyth,Demitria,Edyth.Demitria@yopmail.com
1050,Alia,Vanni,Alia.Vanni@yopmail.com
1051,Jessy,Lia,Jessy.Lia@yopmail.com
1052,Karina,Vilma,Karina.Vilma@yopmail.com
1053,Paule,Simmonds,Paule.Simmonds@yopmail.com
1054,Esmeralda,Nadia,Esmeralda.Nadia@yopmail.com
1055,Lyssa,Heisel,Lyssa.Heisel@yopmail.com
1056,Katuscha,Monk,Katuscha.Monk@yopmail.com
1057,Winny,Means,Winny.Means@yopmail.com
1058,Kimberley,Maribeth,Kimberley.Maribeth@yopmail.com
1059,Jinny,Knowling,Jinny.Knowling@yopmail.com
1060,Aimil,Septima,Aimil.Septima@yopmail.com
1061,Miquela,Jena,Miquela.Jena@yopmail.com
1062,Hayley,Standing,Hayley.Standing@yopmail.com
1063,Inga,Berriman,Inga.Berriman@yopmail.com
1064,Aurore,Melan,Aurore.Melan@yopmail.com
1065,Aurore,Palocz,Aurore.Palocz@yopmail.com
1066,Darci,Serilda,Darci.Serilda@yopmail.com
1067,Gavrielle,Lea,Gavrielle.Lea@yopmail.com
1068,Kary,Mathilde,Kary.Mathilde@yopmail.com
1069,Renie,Carri,Renie.Carri@yopmail.com
1070,Chrystel,Eldrid,Chrystel.Eldrid@yopmail.com
1071,Dulce,Eben,Dulce.Eben@yopmail.com
1072,Dorthy,Shelba,Dorthy.Shelba@yopmail.com
1073,Paule,Urias,Paule.Urias@yopmail.com
1074,Sashenka,Arathorn,Sashenka.Arathorn@yopmail.com
1075,Roberta,Publia,Roberta.Publia@yopmail.com
1076,Lulita,MacIntosh,Lulita.MacIntosh@yopmail.com
1077,Josephine,Magnolia,Josephine.Magnolia@yopmail.com
1078,Dorothy,Genna,Dorothy.Genna@yopmail.com
1079,Viviene,Cloris,Viviene.Cloris@yopmail.com
1080,Teriann,Grayce,Teriann.Grayce@yopmail.com
1081,Clo,Ventre,Clo.Ventre@yopmail.com
1082,Hope,Tjon,Hope.Tjon@yopmail.com
1083,Shandie,Helfand,Shandie.Helfand@yopmail.com
1084,Philis,Casimir,Philis.Casimir@yopmail.com
1085,Rosene,Nance,Rosene.Nance@yopmail.com
1086,Doro,Arquit,Doro.Arquit@yopmail.com
1087,Babita,Bethany,Babita.Bethany@yopmail.com
1088,Jorry,Trey,Jorry.Trey@yopmail.com
1089,Lily,Weaks,Lily.Weaks@yopmail.com
1090,Brena,Neils,Brena.Neils@yopmail.com
1091,Linet,Rubie,Linet.Rubie@yopmail.com
1092,Darci,Kenney,Darci.Kenney@yopmail.com
1093,Mallory,Roscoe,Mallory.Roscoe@yopmail.com
1094,Ezmeralda,Belldas,Ezmeralda.Belldas@yopmail.com
1095,Vonny,Berne,Vonny.Berne@yopmail.com
1096,Caryl,Fleeta,Caryl.Fleeta@yopmail.com
1097,Gwyneth,Uund,Gwyneth.Uund@yopmail.com
1098,Mureil,Gibbeon,Mureil.Gibbeon@yopmail.com
1099,Dede,Corabella,Dede.Corabella@yopmail.com